REF COMM;Produit;Nb carte;REF Flash;Ref comm spare
EVB1A22P2KI;SMART WB;1;EVB1A22P2KI;EVP1PMS1
EVB1A22P2RI;SMART WB;1;EVB1A22P2RI;EVP1PMS1
EVB1A22P4EKI;SMART WB;1;EVB1A22P4EKI;EVP1PMS1
EVB1A22P4ERI;SMART WB;1;EVB1A22P4ERI;EVP1PMS1
EVB1A22P4KI;SMART WB;1;EVB1A22P4KI;EVP1PMS1
EVB1A22P4RI;SMART WB;1;EVB1A22P4RI;EVP1PMS1
EVB1A22PCKI;SMART WB;1;EVB1A22PCKI;EVP1PMS1
EVB1A22PCRI;SMART WB;1;EVB1A22PCRI;EVP1PMS1
EVB1A7PAKI;SMART WB;1;EVB1A7PAKI;EVP1PMS1
EVB1A7PARI;SMART WB;1;EVB1A7PARI;EVP1PMS1
EVB1A7PCKI;SMART WB;1;EVB1A7PCKI;EVP1PMS1
EVB1A7PCRI;SMART WB;1;EVB1A7PCRI;EVP1PMS1
EV.2S22P02;PARKING 1 Prise;1;EV.2S22P02;EVP1PMS1
EV.2S22P02R;PARKING 1 Prise;1;EV.2S22P02R;EVP1PMS1
EV.2S22P22;PARKING 2 Prises;2;EV.2S22P22;EVP1PMS2
EV.2S22P22R;PARKING 2 Prises;2;EV.2S22P22R;EVP1PMS2
EV.2S7P02;PARKING 1 Prise;1;EV.2S7P02;EVP1PMS1
EV.2S7P02R;PARKING 1 Prise;1;EV.2S7P02R;EVP1PMS1
EV.2S7P22;PARKING 2 Prises;2;EV.2S7P22;EVP1PMS2
EV.2S7P22R;PARKING 2 Prises;2;EV.2S7P22R;EVP1PMS2
EV.2S22P04;PARKING 1 Prise;1;EV.2S22P04;EVP1PMS1
EV.2S22P04R;PARKING 1 Prise;1;EV.2S22P04R;EVP1PMS1
EV.2S22P44;PARKING 2 Prises;2;EV.2S22P44;EVP1PMS2
EV.2S22P44R;PARKING 2 Prises;2;EV.2S22P44R;EVP1PMS2
EV.2S7P04;PARKING 1 Prise;1;EV.2S7P04;EVP1PMS1
EV.2S7P04R;PARKING 1 Prise;1;EV.2S7P04R;EVP1PMS1
EV.2S7P44;PARKING 2 Prises;2;EV.2S7P44;EVP1PMS2
EV.2S7P44R;PARKING 2 Prises;2;EV.2S7P44R;EVP1PMS2
EV.2S22P2F;PARKING 2 Prises;2;EV.2S22P2F;EVP1PMS2
EV.2S22P2FR;PARKING 2 Prises;2;EV.2S22P2FR;EVP1PMS2
EV.2S7P2F;PARKING 2 Prises;2;EV.2S7P2F;EVP1PMS2
EV.2S7P2FR;PARKING 2 Prises;2;EV.2S7P2FR;EVP1PMS2
EVP2PE2202;PARKING 1 Prise;1;EV.2S22P02;EVP1PMS1
EVP2PE2202R;PARKING 1 Prise;1;EV.2S22P02R;EVP1PMS1
EVP2PE2204;PARKING 1 Prise;1;EV.2S22P04;EVP1PMS1
EVP2PE2204R;PARKING 1 Prise;1;EV.2S22P04R;EVP1PMS1
EVP2PE2222;PARKING 2 Prises;2;EV.2S22P22;EVP1PMS2
EVP2PE2222R;PARKING 2 Prises;2;EV.2S22P22R;EVP1PMS2
EVP2PE222FR;PARKING 2 Prises;2;EV.2S22P2FR;EVP1PMS2
EVP2PE2244;PARKING 2 Prises;2;EV.2S22P44;EVP1PMS2
EVP2PE2244R;PARKING 2 Prises;2;EV.2S22P44R;EVP1PMS2
EVP2PE224E;PARKING 2 Prises;2;EV.2S22P4E;EVP1PMS2
EVP2PE224ER;PARKING 2 Prises;2;EV.2S22P4ER;EVP1PMS2
EVP2PE702R;PARKING 1 Prise;1;EV.2S7P02R;EVP1PMS1
EVP2PE704;PARKING 1 Prise;1;EV.2S7P04;EVP1PMS1
EVP2PE704R;PARKING 1 Prise;1;EV.2S7P04R;EVP1PMS1
EVP2PE722;PARKING 2 Prises;2;EV.2S7P22;EVP1PMS2
EVP2PE722R;PARKING 2 Prises;2;EV.2S7P22R;EVP1PMS2
EVP2PE744;PARKING 2 Prises;2;EV.2S7P44;EVP1PMS2
EVP2PE744R;PARKING 2 Prises;2;EV.2S7P44R;EVP1PMS2
EVP2PE74E;PARKING 2 Prises;2;EV.2S7P4E;EVP1PMS2
EVP2PE74ER;PARKING 2 Prises;2;EV.2S7P4ER;EVP1PMS2
EVW2S22P02;PARKING 1 Prise;1;EV.2S22P02;EVP1PMS1
EVW2S22P02R;PARKING 1 Prise;1;EV.2S22P02R;EVP1PMS1
EVW2S22P22;PARKING 2 Prises;2;EV.2S22P22;EVP1PMS2
EVW2S22P22R;PARKING 2 Prises;2;EV.2S22P22R;EVP1PMS2
EVW2S7P02;PARKING 1 Prise;1;EV.2S7P02;EVP1PMS1
EVW2S7P02R;PARKING 1 Prise;1;EV.2S7P02R;EVP1PMS1
EVW2S7P22;PARKING 2 Prises;2;EV.2S7P22;EVP1PMS2
EVW2S7P22R;PARKING 2 Prises;2;EV.2S7P22R;EVP1PMS2
EVW2S22P04;PARKING 1 Prise;1;EV.2S22P04;EVP1PMS1
EVW2S22P04R;PARKING 1 Prise;1;EV.2S22P04R;EVP1PMS1
EVW2S22P44;PARKING 2 Prises;2;EV.2S22P44;EVP1PMS2
EVW2S22P44R;PARKING 2 Prises;2;EV.2S22P44R;EVP1PMS2
EVW2S7P04;PARKING 1 Prise;1;EV.2S7P04;EVP1PMS1
EVW2S7P04R;PARKING 1 Prise;1;EV.2S7P04R;EVP1PMS1
EVW2S7P44;PARKING 2 Prises;2;EV.2S7P44;EVP1PMS2
EVW2S7P44R;PARKING 2 Prises;2;EV.2S7P44R;EVP1PMS2
EVF2S22P02;PARKING 1 Prise;1;EV.2S22P02;EVP1PMS1
EVF2S22P02R;PARKING 1 Prise;1;EV.2S22P02R;EVP1PMS1
EVF2S22P22;PARKING 2 Prises;2;EV.2S22P22;EVP1PMS2
EVF2S22P22R;PARKING 2 Prises;2;EV.2S22P22R;EVP1PMS2
EVF2S7P02;PARKING 1 Prise;1;EV.2S7P02;EVP1PMS1
EVF2S7P02R;PARKING 1 Prise;1;EV.2S7P02R;EVP1PMS1
EVF2S7P22;PARKING 2 Prises;2;EV.2S7P22;EVP1PMS2
EVF2S7P22R;PARKING 2 Prises;2;EV.2S7P22R;EVP1PMS2
EVF2S22P04;PARKING 1 Prise;1;EV.2S22P04;EVP1PMS1
EVF2S22P04R;PARKING 1 Prise;1;EV.2S22P04R;EVP1PMS1
EVF2S22P44;PARKING 2 Prises;2;EV.2S22P44;EVP1PMS2
EVF2S22P44R;PARKING 2 Prises;2;EV.2S22P44R;EVP1PMS2
EVF2S7P04;PARKING 1 Prise;1;EV.2S7P04;EVP1PMS1
EVF2S7P04R;PARKING 1 Prise;1;EV.2S7P04R;EVP1PMS1
EVF2S7P44;PARKING 2 Prises;2;EV.2S7P44;EVP1PMS2
EVF2S7P44R;PARKING 2 Prises;2;EV.2S7P44R;EVP1PMS2
EVF2S22P2F;PARKING 2 Prises;2;EV.2S22P2F;EVP1PMS2
EVF2S22P2FR;PARKING 2 Prises;2;EV.2S22P2FR;EVP1PMS2
EVF2S7P2F;PARKING 2 Prises;2;EV.2S7P2F;EVP1PMS2
EVF2S7P2FR;PARKING 2 Prises;2;EV.2S7P2FR;EVP1PMS2
EVF2S22P4E;PARKING 2 Prises;2;EV.2S22P2E;EVP1PMS2
EVF2S22P4ER;PARKING 2 Prises;2;EV.2S22P2ER;EVP1PMS2
EVF2S7P4E;PARKING 2 Prises;2;EV.2S7P2E;EVP1PMS2
EVF2S7P4ER;PARKING 2 Prises;2;EV.2S7P2ER;EVP1PMS2
EV.2S22P4E;PARKING 2 Prises;2;EV.2S22P2E;EVP1PMS2
EV.2S22P4ER;PARKING 2 Prises;2;EV.2S22P2ER;EVP1PMS2
EV.2S7P4E;PARKING 2 Prises;2;EV.2S7P2E;EVP1PMS2
EV.2S7P4ER;PARKING 2 Prises;2;EV.2S7P2ER;EVP1PMS2
EVF1B22P33R;PARKING 2 Prises;2;EV.2S22P44R;EVP1PMS2
EVF1B22P44R;PARKING 2 Prises;2;EV.2S22P44R;EVP1PMS2
EVF1B22P22R;PARKING 2 Prises;2;EV.2S22P22R;EVP1PMS2
EVW1B22P03;PARKING 1 Prise;1;EV.2S22P04;EVP1PMS1
EVW1B22P33;PARKING 2 Prises;2;EV.2S22P44;EVP1PMS2
EVW1B22P33R;PARKING 2 Prises;2;EV.2S22P44R;EVP1PMS2
EVW1B22P04;PARKING 1 Prise;1;EV.2S22P04;EVP1PMS1
EVW1B22P44;PARKING 2 Prises;2;EV.2S22P44;EVP1PMS2
EVW1B22P44R;PARKING 2 Prises;2;EV.2S22P44R;EVP1PMS2
EVW1B22P02;PARKING 1 Prise;1;EV.2S22P02;EVP1PMS1
EVW1B22P22;PARKING 2 Prises;2;EV.2S22P22;EVP1PMS2
EVW1B22P22R;PARKING 2 Prises;2;EV.2S22P22R;EVP1PMS2
EV.1S22P02;PARKING 1 Prise;1;EV.2S22P02;EVP1PMS1
EV.1S22P02R;PARKING 1 Prise;1;EV.2S22P02R;EVP1PMS1
EV.1S22P03;PARKING 1 Prise;1;EV.2S22P04;EVP1PMS1
EV.1S22P03R;PARKING 1 Prise;1;EV.2S22P04R;EVP1PMS1
EV.1S22P04;PARKING 1 Prise;1;EV.2S22P04;EVP1PMS1
EV.1S22P04R;PARKING 1 Prise;1;EV.2S22P04R;EVP1PMS1
EV.1S22P22;PARKING 2 Prises;2;EV.2S22P22;EVP1PMS2
EV.1S22P22R;PARKING 2 Prises;2;EV.2S22P22R;EVP1PMS2
EV.1S22P33;PARKING 2 Prises;2;EV.2S22P44;EVP1PMS2
EV.1S22P33R;PARKING 2 Prises;2;EV.2S22P44R;EVP1PMS2
EV.1S22P44;PARKING 2 Prises;2;EV.2S22P44;EVP1PMS2
EV.1S22P44R;PARKING 2 Prises;2;EV.2S22P44R;EVP1PMS2
EV.1S7P02;PARKING 1 Prise;1;EV.2S7P02;EVP1PMS1
EV.1S7P02R;PARKING 1 Prise;1;EV.2S7P02R;EVP1PMS1
EV.1S7P03;PARKING 1 Prise;1;EV.2S7P04;EVP1PMS1
EV.1S7P03R;PARKING 1 Prise;1;EV.2S7P04R;EVP1PMS1
EV.1S7P04;PARKING 1 Prise;1;EV.2S7P04;EVP1PMS1
EV.1S7P04R;PARKING 1 Prise;1;EV.2S7P04R;EVP1PMS1
EV.1S7P22;PARKING 2 Prises;2;EV.2S7P22;EVP1PMS2
EV.1S7P22R;PARKING 2 Prises;2;EV.2S7P22R;EVP1PMS2
EV.1S7P33;PARKING 2 Prises;2;EV.2S7P44;EVP1PMS2
EV.1S7P33R;PARKING 2 Prises;2;EV.2S7P44R;EVP1PMS2
EV.1S7P44;PARKING 2 Prises;2;EV.2S7P44;EVP1PMS2
EV.1S7P44R;PARKING 2 Prises;2;EV.2S7P44R;EVP1PMS2
EV.1S4P3ER;PARKING 2 Prises;2;EV.2S7P4ER;EVP1PMS2
EVF1S22P02;PARKING 1 Prise;1;EV.2S22P02;EVP1PMS1
EVF1S22P02R;PARKING 1 Prise;1;EV.2S22P02R;EVP1PMS1
EVF1S22P03;PARKING 1 Prise;1;EV.2S22P04;EVP1PMS1
EVF1S22P03R;PARKING 1 Prise;1;EV.2S22P04R;EVP1PMS1
EVF1S22P04;PARKING 1 Prise;1;EV.2S22P04;EVP1PMS1
EVF1S22P04R;PARKING 1 Prise;1;EV.2S22P04R;EVP1PMS1
EVF1S22P22;PARKING 2 Prises;2;EV.2S22P22;EVP1PMS2
EVF1S22P22R;PARKING 2 Prises;2;EV.2S22P22R;EVP1PMS2
EVF1S22P33;PARKING 2 Prises;2;EV.2S22P44;EVP1PMS2
EVF1S22P33R;PARKING 2 Prises;2;EV.2S22P44R;EVP1PMS2
EVF1S22P44;PARKING 2 Prises;2;EV.2S22P44;EVP1PMS2
EVF1S22P44R;PARKING 2 Prises;2;EV.2S22P44R;EVP1PMS2
EVF1S7P02;PARKING 1 Prise;1;EV.2S7P02;EVP1PMS1
EVF1S7P02R;PARKING 1 Prise;1;EV.2S7P02R;EVP1PMS1
EVF1S7P03;PARKING 1 Prise;1;EV.2S7P04;EVP1PMS1
EVF1S7P03R;PARKING 1 Prise;1;EV.2S7P04R;EVP1PMS1
EVF1S7P04;PARKING 1 Prise;1;EV.2S7P04;EVP1PMS1
EVF1S7P04R;PARKING 1 Prise;1;EV.2S7P04R;EVP1PMS1
EVF1S7P22;PARKING 2 Prises;2;EV.2S7P22;EVP1PMS2
EVF1S7P22R;PARKING 2 Prises;2;EV.2S7P22R;EVP1PMS2
EVF1S7P33;PARKING 2 Prises;2;EV.2S7P44;EVP1PMS2
EVF1S7P33R;PARKING 2 Prises;2;EV.2S7P44R;EVP1PMS2
EVF1S7P44;PARKING 2 Prises;2;EV.2S7P44;EVP1PMS2
EVF1S7P44R;PARKING 2 Prises;2;EV.2S7P44R;EVP1PMS2
EVF1S4P3ER;PARKING 2 Prises;2;EV.2S7P4ER;EVP1PMS2
EVW1S22P02;PARKING 1 Prise;1;EV.2S22P02;EVP1PMS1
EVW1S22P02R;PARKING 1 Prise;1;EV.2S22P02R;EVP1PMS1
EVW1S22P03;PARKING 1 Prise;1;EV.2S22P04;EVP1PMS1
EVW1S22P03R;PARKING 1 Prise;1;EV.2S22P04R;EVP1PMS1
EVW1S22P04;PARKING 1 Prise;1;EV.2S22P04;EVP1PMS1
EVW1S22P04R;PARKING 1 Prise;1;EV.2S22P04R;EVP1PMS1
EVW1S22P22;PARKING 2 Prises;2;EV.2S22P22;EVP1PMS2
EVW1S22P22R;PARKING 2 Prises;2;EV.2S22P22R;EVP1PMS2
EVW1S22P33;PARKING 2 Prises;2;EV.2S22P44;EVP1PMS2
EVW1S22P33R;PARKING 2 Prises;2;EV.2S22P44R;EVP1PMS2
EVW1S22P44;PARKING 2 Prises;2;EV.2S22P44;EVP1PMS2
EVW1S22P44R;PARKING 2 Prises;2;EV.2S22P44R;EVP1PMS2
EVW1S7P02;PARKING 1 Prise;1;EV.2S7P02;EVP1PMS1
EVW1S7P02R;PARKING 1 Prise;1;EV.2S7P02R;EVP1PMS1
EVW1S7P03;PARKING 1 Prise;1;EV.2S7P04;EVP1PMS1
EVW1S7P03R;PARKING 1 Prise;1;EV.2S7P04R;EVP1PMS1
EVW1S7P04;PARKING 1 Prise;1;EV.2S7P04;EVP1PMS1
EVW1S7P04R;PARKING 1 Prise;1;EV.2S7P04R;EVP1PMS1
EVW1S7P22;PARKING 2 Prises;2;EV.2S7P22;EVP1PMS2
EVW1S7P22R;PARKING 2 Prises;2;EV.2S7P22R;EVP1PMS2
EVW1S7P33;PARKING 2 Prises;2;EV.2S7P44;EVP1PMS2
EVW1S7P33R;PARKING 2 Prises;2;EV.2S7P44R;EVP1PMS2
EVW1S7P44;PARKING 2 Prises;2;EV.2S7P44;EVP1PMS2
EVW1S7P44R;PARKING 2 Prises;2;EV.2S7P44R;EVP1PMS2
EVW1S4P3ER;PARKING 2 Prises;2;EV.2S7P4ER;EVP1PMS2
EVC1S7P2E2ERF ;City 2 Prises;2;EVC1S7P2E2ERF ;EVP1PMS2
EVC1S7P2E2ERFD;City 2 Prises;2;EVC1S7P2E2ERFD;EVP1PMS2
EVC1S7P2E3ERF ;City 2 Prises;2;EVC1S7P2E3ERF ;EVP1PMS2
EVC1S7P2E3ERFD;City 2 Prises;2;EVC1S7P2E3ERFD;EVP1PMS2
EVC1S7P3E3ERF;City 2 Prises;2;EVC1S7P3E3ERF;EVP1PMS2
EVC1S7P3E3ERFD;City 2 Prises;2;EVC1S7P3E3ERFD;EVP1PMS2
EVC1S7P3E3ERFS ;City 2 Prises;2;EVC1S7P3E3ERFS ;EVP1PMS2
EVC1S7P4E3ERFS;City 2 Prises;2;EVC1S7P4E3ERFS;EVP1PMS2
EVC1S7P4E3ERFD;City 2 Prises;2;EVC1S7P4E3ERFD;EVP1PMS2
EVC1S7P4E3ERF;City 2 Prises;2;EVC1S7P4E3ERF;EVP1PMS2
EVC1S7P4E4ERF;City 2 Prises;2;EVC1S7P4E4ERF;EVP1PMS2
EVC1S7P4E4ERFD;City 2 Prises;2;EVC1S7P4E4ERFD;EVP1PMS2
EVC1S7P4E4ERFS;City 2 Prises;2;EVC1S7P4E4ERFS;EVP1PMS2
EVC1S7P3E3ERFM;City 2 Prises;2;EVC1S7P3E3ERFM;EVP1PMS2
EVC1S7P3E3ERFT;City 2 Prises;2;EVC1S7P3E3ERFT;EVP1PMS2
EVC1S7P3E3ERFW;City 2 Prises;2;EVC1S7P3E3ERFW;EVP1PMS2
EVC1S7P4E3ERFT;City 2 Prises;2;EVC1S7P4E3ERFT;EVP1PMS2
EVC1S7P4E3ERFW;City 2 Prises;2;EVC1S7P4E3ERFW;EVP1PMS2
EVC1S7P4E3ERFM;City 2 Prises;2;EVC1S7P4E3ERFM;EVP1PMS2
EVC1S7P4E4ERFM;City 2 Prises;2;EVC1S7P4E4ERFM;EVP1PMS2
EVC1S7P4E4ERFT;City 2 Prises;2;EVC1S7P4E4ERFT;EVP1PMS2
EVC1S7P4E4ERFW;City 2 Prises;2;EVC1S7P4E4ERFW;EVP1PMS2
EVC1S22P2E2ERF;City 2 Prises;2;EVC1S22P2E2ERF;EVP1PMS2
EVC1S22P2E2ERFD ;City 2 Prises;2;EVC1S22P2E2ERFD ;EVP1PMS2
EVC1S22P2E3ERF;City 2 Prises;2;EVC1S22P2E3ERF;EVP1PMS2
EVC1S22P2E3ERFD;City 2 Prises;2;EVC1S22P2E3ERFD;EVP1PMS2
EVC1S22P3E3ERF;City 2 Prises;2;EVC1S22P3E3ERF;EVP1PMS2
EVC1S22P3E3ERFD;City 2 Prises;2;EVC1S22P3E3ERFD;EVP1PMS2
EVC1S22P3E3ERFS;City 2 Prises;2;EVC1S22P3E3ERFS;EVP1PMS2
EVC1S22P4E3ERF;City 2 Prises;2;EVC1S22P4E3ERF;EVP1PMS2
EVC1S22P4E3ERFD;City 2 Prises;2;EVC1S22P4E3ERFD;EVP1PMS2
EVC1S22P4E3ERFS;City 2 Prises;2;EVC1S22P4E3ERFS;EVP1PMS2
EVC1S22P3E3ERFM;City 2 Prises;2;EVC1S22P3E3ERFM;EVP1PMS2
EVC1S22P3E3ERFT;City 2 Prises;2;EVC1S22P3E3ERFT;EVP1PMS2
EVC1S22P3E3ERFW;City 2 Prises;2;EVC1S22P3E3ERFW;EVP1PMS2
EVC1S22P4E3ERFM;City 2 Prises;2;EVC1S22P4E3ERFM;EVP1PMS2
EVC1S22P4E3ERFT;City 2 Prises;2;EVC1S22P4E3ERFT;EVP1PMS2
EVC1S22P4E3ERFW;City 2 Prises;2;EVC1S22P4E3ERFW;EVP1PMS2
EVC1S22P3ERF ;City 1 Prise;1;EVC1S22P3ERF ;EVP1PMS1
EVC1S22P4E4ERF ;City 2 Prises;2;EVC1S22P4E4ERF ;EVP1PMS2
EVC1S22P4E4ERFD;City 2 Prises;2;EVC1S22P4E4ERFD;EVP1PMS2
EVC1S22P4E4ERFS;City 2 Prises;2;EVC1S22P4E4ERFS;EVP1PMS2
EVC1S22P4E4ERFM;City 2 Prises;2;EVC1S22P4E4ERFM;EVP1PMS2
EVC1S22P4E4ERFT;City 2 Prises;2;EVC1S22P4E4ERFT;EVP1PMS2
EVC1S22P4E4ERFW;City 2 Prises;2;EVC1S22P4E4ERFW;EVP1PMS2
EVF1C22P22;City 2 Prises;2;EVF1C22P22;EVP1PMS2
EVF1C22P22R;City 2 Prises;2;EVF1C22P22R;EVP1PMS2
EVF1C22P33;City 2 Prises;2;EVF1C22P33;EVP1PMS2
EVF1C22P33R;City 2 Prises;2;EVF1C22P33R;EVP1PMS2
